Age,Gender,Paracetamol,Ibuprofen,Aspirin,Diclofenac,Naproxen,Alzheimers,Diabetes,Heart_Attack,Overdose_Risk
63,Male,468,200,515,116,275,No,Yes,No,No
52,Male,328,124,197,44,1000,No,No,No,No
66,Female,774,265,462,16,74,No,No,No,No
82,Female,1753,470,1000,62,323,No,No,No,Yes
50,Male,133,683,639,58,81,No,No,No,No
50,Female,657,242,287,52,40,No,No,No,No
83,Male,527,275,491,64,380,No,No,No,Yes
68,Female,1026,173,329,84,335,No,No,No,No
46,Female,711,388,402,63,238,No,No,No,No
64,Female,328,186,308,28,275,No,Yes,No,No
46,Female,464,670,350,98,1000,No,No,No,Yes
46,Female,317,80,473,17,244,No,Yes,No,No
59,Male,1419,289,180,16,451,No,No,No,No
20,Female,610,524,177,117,178,No,No,No,No
23,Male,2745,471,131,99,379,No,No,No,No
44,Female,571,2400,111,67,247,No,No,No,Yes
36,Female,340,548,151,26,216,No,No,No,No
60,Female,178,162,454,42,1000,No,No,No,No
38,Female,141,367,195,58,769,No,No,No,No
29,Female,168,80,603,22,334,No,No,No,No
81,Female,742,372,411,41,47,No,No,No,No
50,Female,901,188,82,110,224,No,No,No,No
56,Male,169,911,675,150,1000,No,No,No,Yes
29,Male,1227,243,765,52,249,No,No,No,No
45,Male,407,360,180,118,725,No,No,No,Yes
56,Male,674,225,559,18,950,No,No,No,Yes
34,Female,2179,1913,201,111,357,No,No,No,Yes
61,Male,1229,299,432,39,152,No,No,No,No
44,Female,484,2081,145,86,42,No,No,No,Yes
49,Male,294,832,95,58,518,No,No,No,No
44,Male,107,617,294,150,156,No,No,No,No
88,Female,337,557,362,37,345,No,No,No,No
54,Female,506,570,290,108,110,No,No,No,No
35,Female,272,70,155,57,242,No,No,No,No
69,Female,540,311,290,62,308,No,No,No,No
33,Female,638,855,496,61,371,No,Yes,No,Yes
58,Male,501,382,385,38,122,No,No,No,No
19,Female,356,112,462,69,781,No,No,No,No
31,Female,686,381,234,66,186,No,Yes,Yes,No
58,Female,854,1854,1000,82,78,No,No,No,Yes
68,Male,250,1228,156,74,274,No,No,No,No
58,Female,1855,378,590,122,308,No,No,No,Yes
52,Male,554,941,1000,133,341,No,No,No,Yes
49,Male,609,287,587,33,892,No,No,No,Yes
28,Male,1057,86,340,128,248,No,No,No,No
42,Female,723,174,262,30,272,No,No,No,No
46,Female,1286,1632,916,105,124,No,No,Yes,Yes
74,Female,754,312,128,108,578,No,No,No,No
61,Female,367,321,184,18,347,No,No,No,No
23,Male,801,305,291,74,214,No,Yes,No,No
60,Male,240,2219,1000,50,65,No,No,No,Yes
48,Male,654,1728,542,41,952,No,No,No,Yes
42,Female,584,2400,184,150,112,Yes,No,No,Yes
66,Male,507,346,312,44,186,No,Yes,No,No
73,Female,541,521,244,39,399,No,No,No,No
71,Female,133,102,226,73,115,No,No,No,No
39,Male,386,1511,875,113,90,No,No,No,Yes
49,Female,646,139,133,63,54,No,No,No,No
60,Female,681,486,1000,150,534,No,No,No,Yes
72,Female,263,148,775,101,193,No,No,No,No
46,Female,1651,235,957,15,1000,No,No,No,Yes
51,Male,300,188,276,48,135,No,No,No,No
35,Male,1303,231,354,47,143,No,No,No,No
33,Female,844,246,127,97,190,No,No,No,No
69,Female,357,244,262,11,364,No,No,No,No
79,Male,2482,846,593,150,205,Yes,No,No,Yes
53,Female,230,147,1000,101,489,No,No,No,Yes
73,Female,1251,487,164,77,137,No,No,No,No
61,Female,1335,1197,298,150,99,No,No,No,Yes
43,Male,350,252,354,150,71,No,No,No,No
61,Female,1827,209,130,128,50,No,No,No,No
82,Female,491,325,641,136,198,No,No,No,Yes
54,Male,755,1156,224,76,235,No,No,No,No
83,Male,738,476,342,63,181,No,No,No,No
18,Female,538,247,278,50,811,No,No,No,No
69,Male,1147,618,212,39,801,No,No,No,Yes
56,Female,1131,148,397,43,229,No,No,No,No
49,Female,148,738,336,27,71,No,No,No,No
56,Male,1703,577,297,66,190,No,Yes,No,Yes
19,Female,158,303,223,21,185,No,No,No,No
51,Male,1370,188,516,80,177,No,No,No,No
61,Female,1477,180,1000,68,171,No,No,No,Yes
81,Male,250,647,447,77,177,No,No,No,No
45,Female,431,1208,887,48,220,No,No,No,Yes
40,Male,247,225,131,150,180,No,No,No,No
45,Male,505,604,453,150,354,No,No,No,Yes
71,Female,468,61,166,29,400,No,No,No,No
60,Male,1119,236,122,82,144,No,No,No,No
45,Female,1711,388,221,45,829,No,No,No,Yes
64,Male,1832,176,1000,34,136,No,No,No,Yes
56,Female,382,172,855,27,82,No,No,Yes,No
72,Male,507,219,485,94,406,No,No,No,No
42,Female,156,520,117,43,155,No,No,No,No
49,Female,314,337,341,137,387,No,No,No,Yes
47,Male,1298,53,509,140,43,No,No,No,No
28,Male,2185,59,460,150,913,No,No,No,Yes
60,Male,223,231,91,38,513,No,No,No,No
59,Female,373,603,196,97,90,No,No,No,No
55,Male,587,33,380,108,91,No,No,No,No
50,Female,750,255,614,50,1000,No,No,No,Yes
29,Male,313,249,69,40,166,No,No,No,No
47,Male,842,1395,351,150,153,No,No,No,Yes
48,Female,410,282,448,82,48,No,No,No,No
40,Female,593,564,789,109,226,No,No,No,Yes
52,Male,928,454,696,39,250,No,No,No,Yes
62,Male,603,58,637,29,531,No,No,No,No
88,Male,423,798,210,46,97,No,No,No,No
58,Female,549,485,86,64,88,No,No,No,No
59,Female,559,632,292,33,430,No,No,No,No
53,Female,446,2400,891,69,671,No,Yes,No,Yes
20,Female,487,61,1000,21,85,No,No,No,No
54,Female,2155,1888,706,31,712,No,No,No,Yes
56,Female,939,308,563,111,309,No,Yes,No,Yes
95,Female,473,518,541,106,718,No,Yes,No,Yes
51,Male,1047,383,256,53,283,No,No,No,No
60,Male,459,273,360,34,39,No,No,No,No
54,Male,1533,239,1000,34,265,No,No,No,Yes
33,Male,806,538,188,53,700,No,No,No,No
75,Female,550,102,1000,109,146,No,No,No,Yes
68,Female,858,786,309,134,219,No,No,No,Yes
69,Male,170,275,1000,49,260,No,Yes,No,Yes
38,Male,243,144,129,31,29,No,No,Yes,No
80,Female,230,266,639,84,1000,No,No,No,Yes
29,Female,672,1240,221,39,145,No,No,No,No
65,Male,2399,247,128,48,449,No,No,No,No
94,Female,3575,552,476,150,279,No,No,No,Yes
37,Male,999,207,896,124,820,No,No,No,Yes
44,Male,895,791,203,78,415,No,No,No,No
56,Female,142,741,120,28,248,No,No,No,No
45,Female,388,2111,371,81,146,No,No,No,Yes
27,Male,319,341,372,147,567,No,No,No,Yes
56,Female,365,730,620,53,67,No,No,No,No
35,Female,524,436,855,150,502,No,No,No,Yes
63,Female,411,1284,381,150,124,No,No,No,Yes
38,Female,123,209,1000,150,816,No,No,No,Yes
82,Female,1091,782,478,86,341,No,No,No,Yes
40,Female,254,335,303,105,502,No,No,No,No
49,Female,726,377,110,150,320,No,No,No,No
69,Male,3153,434,324,95,73,No,No,No,Yes
32,Male,287,501,305,49,150,No,No,No,No
59,Male,79,360,862,51,513,No,No,No,Yes
78,Female,477,485,579,82,342,No,No,No,Yes
26,Male,1447,1655,155,28,771,No,No,No,Yes
58,Female,2874,971,459,63,414,No,No,No,Yes
59,Female,224,874,684,150,138,No,No,No,Yes
69,Male,892,265,1000,15,158,No,No,No,No
32,Female,413,179,813,150,325,No,No,No,Yes
31,Male,551,945,735,150,47,No,No,Yes,Yes
64,Female,4000,879,419,50,1000,No,No,No,Yes
60,Male,180,1505,545,102,427,No,No,No,Yes
59,Female,735,232,1000,70,800,No,No,No,Yes
61,Female,872,325,137,150,84,No,No,No,No
42,Female,1430,91,302,139,811,No,No,No,Yes
59,Female,648,280,215,26,1000,No,No,No,No
60,Female,767,980,541,105,104,No,No,No,Yes
42,Female,438,262,1000,60,556,No,No,No,Yes
88,Female,744,711,248,74,300,No,No,No,Yes
63,Female,455,336,59,42,87,No,No,No,No
33,Male,986,535,287,150,445,No,Yes,No,Yes
66,Female,446,142,830,144,584,No,No,Yes,Yes
37,Female,811,431,614,41,185,No,No,No,No
69,Female,586,27,563,27,762,No,Yes,No,Yes
75,Male,1477,338,319,53,79,No,No,No,No
40,Female,575,92,143,94,90,No,No,No,No
72,Male,145,1184,604,82,334,No,Yes,No,Yes
62,Female,1646,805,205,150,306,No,No,No,Yes
69,Male,290,608,1000,121,169,No,No,No,Yes
89,Female,355,1572,631,137,573,No,No,No,Yes
50,Female,372,170,251,87,458,No,No,No,No
41,Male,1801,1927,245,26,596,No,No,No,Yes
38,Female,108,925,371,61,271,No,No,No,No
40,Male,4000,323,330,147,485,No,No,No,Yes
53,Female,1396,1111,977,67,210,No,No,No,Yes
61,Female,717,147,464,99,1000,No,No,No,Yes
59,Female,574,190,222,56,156,No,No,No,No
69,Female,753,231,1000,34,1000,No,No,No,Yes
55,Female,910,248,416,64,308,No,No,No,No
81,Male,1005,154,739,86,99,No,No,No,Yes
50,Male,935,1202,245,44,896,No,No,No,Yes
95,Female,644,316,534,59,331,No,No,No,Yes
66,Female,512,549,513,36,592,No,No,No,No
39,Female,531,239,88,150,798,No,No,No,Yes
35,Female,513,77,1000,56,393,No,No,No,Yes
63,Male,1486,510,1000,150,186,No,No,No,Yes
50,Female,964,71,291,150,654,No,No,No,Yes
67,Male,57,376,165,66,300,No,No,No,No
63,Female,1013,116,528,34,519,No,No,No,No
53,Male,701,2392,428,16,53,No,No,No,Yes
39,Male,591,908,531,24,428,No,No,No,No
27,Male,439,439,466,26,179,No,No,No,No
46,Male,1474,1247,599,150,1000,No,No,No,Yes
70,Female,1280,186,1000,75,493,No,No,No,Yes
58,Male,323,652,630,91,363,No,No,No,Yes
32,Male,830,478,172,14,442,No,No,No,No
58,Male,275,507,1000,30,134,No,No,No,No
61,Male,198,1257,1000,130,1000,No,No,No,Yes
39,Male,363,773,1000,85,1000,No,No,No,Yes
57,Male,1196,518,162,63,410,No,No,No,No
56,Female,1286,90,485,103,1000,No,No,No,Yes
34,Female,904,168,75,150,190,No,No,No,No
61,Female,1071,358,622,59,158,No,No,No,No
65,Female,906,435,257,73,309,No,No,No,No
74,Male,359,144,1000,80,424,No,No,No,Yes
73,Female,847,2400,215,150,218,No,No,No,Yes
30,Female,1138,1565,103,16,461,No,No,No,Yes
38,Female,1097,687,274,112,383,No,No,No,Yes
64,Male,1553,426,82,64,134,No,No,No,No
64,Male,1057,330,729,104,454,No,Yes,No,Yes
64,Male,794,169,76,44,598,No,No,No,No
95,Male,1412,428,409,67,344,No,No,No,Yes
65,Female,587,504,75,115,754,No,No,No,Yes
75,Female,296,130,309,150,113,No,No,No,No
72,Female,526,540,1000,123,436,No,No,No,Yes
66,Female,330,347,533,38,117,No,No,No,No
49,Female,349,71,200,52,123,No,No,No,No
68,Female,534,184,390,50,181,No,No,No,No
41,Female,318,275,405,19,141,No,No,No,No
50,Male,468,2187,583,55,193,No,No,No,Yes
46,Male,131,660,134,116,252,No,No,No,No
56,Male,711,120,642,28,586,No,No,No,Yes
95,Female,600,619,45,145,232,No,No,No,Yes
21,Female,312,99,241,98,84,No,No,No,No
67,Male,1016,1059,270,41,746,No,No,No,Yes
25,Female,1270,261,663,63,153,No,No,No,No
46,Male,165,367,407,150,286,No,Yes,No,Yes
74,Female,325,1319,129,116,428,No,No,No,Yes
56,Male,324,125,181,70,351,No,No,No,No
35,Male,282,113,468,59,719,No,No,No,No
42,Female,1165,236,375,73,440,No,Yes,No,Yes
67,Male,513,1018,251,48,150,No,No,No,No
41,Male,485,101,272,16,1000,No,No,No,No
58,Male,120,31,698,150,350,No,No,No,Yes
55,Female,997,266,264,78,266,No,No,No,No
43,Female,222,657,372,92,648,No,No,No,Yes
93,Male,629,1178,1000,67,366,No,No,No,Yes
66,Female,749,263,128,41,412,No,No,No,No
18,Female,1781,276,90,61,1000,No,No,No,Yes
58,Male,210,1130,748,22,240,No,Yes,No,Yes
43,Male,53,74,232,150,232,No,No,No,No
70,Male,695,281,310,29,329,No,No,No,No
40,Male,2533,474,214,33,706,No,No,No,Yes
52,Female,1616,599,324,51,89,No,No,No,No
64,Male,709,252,1000,150,62,No,No,No,Yes
70,Female,404,412,759,70,187,No,No,No,No
33,Female,1144,42,797,29,81,No,No,No,No
48,Male,275,221,128,150,213,Yes,No,No,No
46,Female,878,601,159,116,448,No,No,No,Yes
43,Male,899,165,41,102,147,No,Yes,No,No
86,Female,1401,421,209,115,95,No,Yes,No,Yes
62,Female,4000,598,859,150,317,No,No,No,Yes
32,Female,821,293,604,150,598,No,No,No,Yes
71,Female,399,466,335,43,77,No,No,No,No
93,Male,587,168,392,150,578,No,No,No,Yes
73,Female,145,332,230,91,576,No,No,No,No
27,Female,344,692,471,99,643,No,No,No,Yes
46,Female,432,460,738,21,795,No,No,No,Yes
77,Female,394,235,109,62,1000,No,Yes,No,Yes
42,Female,677,489,508,39,225,No,No,No,No
62,Male,310,760,843,124,327,No,No,No,Yes
68,Male,1471,63,286,148,214,No,No,No,Yes
38,Female,600,1135,700,16,300,No,No,No,Yes
53,Male,595,295,1000,68,1000,No,No,No,Yes
18,Female,461,586,367,150,102,No,No,No,No
36,Female,679,1174,547,61,150,No,Yes,No,Yes
50,Male,1160,116,221,116,902,No,No,No,Yes
32,Male,299,211,462,89,678,No,No,No,No
84,Female,354,308,578,88,224,Yes,No,No,Yes
29,Male,470,197,467,57,594,No,No,No,No
47,Female,204,1906,176,29,394,No,No,No,Yes
57,Male,311,185,471,31,996,No,No,No,Yes
80,Female,409,242,1000,115,318,No,No,No,Yes
29,Male,1207,480,572,70,681,No,Yes,No,Yes
75,Female,740,135,863,63,1000,No,Yes,No,Yes
55,Female,700,280,330,52,484,No,No,No,No
37,Female,1185,532,728,56,312,No,No,No,Yes
63,Male,537,296,500,145,534,No,No,No,Yes
58,Female,819,367,186,55,223,No,No,No,No
44,Female,552,248,516,27,1000,No,No,No,No
56,Male,741,102,180,117,346,No,No,No,No
48,Male,376,534,241,60,241,No,Yes,No,No
57,Male,85,1940,465,71,153,No,No,No,Yes
66,Female,538,406,507,150,721,No,Yes,No,Yes
83,Female,1872,489,154,68,600,No,No,Yes,Yes
32,Female,1258,746,929,85,201,No,No,No,Yes
93,Male,1298,127,632,30,475,No,Yes,No,Yes
19,Male,1612,1851,227,60,89,No,No,No,Yes
52,Female,644,479,116,107,347,No,No,No,No
65,Female,702,1737,356,23,430,No,No,No,Yes
60,Female,366,206,279,80,1000,No,No,No,Yes
43,Male,465,2054,437,75,161,No,No,No,Yes
51,Female,981,803,299,72,107,No,Yes,No,No
46,Male,1571,657,80,144,146,No,No,No,No
44,Male,536,493,293,88,102,No,No,No,No
70,Female,418,319,313,150,874,No,No,No,Yes
61,Female,600,1178,664,34,1000,No,No,No,Yes
42,Female,970,453,228,76,387,No,No,No,No
71,Male,189,68,1000,74,796,No,No,No,Yes
60,Male,95,146,86,33,333,No,Yes,No,No
69,Female,386,338,1000,136,278,No,No,No,Yes
66,Female,225,528,334,150,229,No,No,No,Yes
40,Male,399,380,795,69,234,No,No,No,No
44,Male,533,1198,426,99,86,No,No,No,Yes
68,Male,417,69,995,74,370,No,No,No,Yes
65,Female,1917,455,293,42,290,No,No,No,No
54,Male,779,77,166,19,544,No,No,No,No
57,Male,763,792,1000,42,323,No,Yes,No,Yes
77,Male,987,367,365,26,263,No,No,No,No
44,Male,241,583,477,150,149,No,No,No,Yes
64,Male,1377,183,1000,64,317,No,No,No,Yes
51,Female,564,1265,175,54,541,No,No,No,Yes
51,Male,1025,1021,644,130,120,No,No,No,Yes
74,Female,254,676,249,31,321,No,No,Yes,No
69,Male,173,355,359,40,361,No,No,No,No
69,Female,1154,674,423,73,168,No,Yes,No,No
78,Female,810,211,120,143,187,No,Yes,No,Yes
55,Female,291,863,214,99,360,No,No,No,Yes
67,Female,299,1765,1000,83,121,No,No,No,Yes
49,Male,1476,1048,812,73,396,No,No,No,Yes
60,Male,231,207,380,92,146,No,No,No,No
52,Female,2232,553,485,80,702,No,No,No,Yes
56,Female,291,124,316,34,1000,No,No,No,No
65,Female,999,669,1000,72,150,No,No,No,Yes
40,Female,461,600,340,33,459,No,No,No,No
92,Female,972,74,481,74,167,No,No,No,No
36,Female,388,140,1000,50,689,Yes,No,No,Yes
33,Male,526,310,214,150,109,No,No,No,No
75,Female,619,305,1000,68,440,No,No,No,Yes
69,Female,269,134,117,26,149,No,No,No,No
66,Male,1085,567,1000,63,254,No,No,No,Yes
66,Female,397,501,296,100,131,No,No,No,No
54,Male,499,335,329,150,579,No,No,No,Yes
38,Female,270,202,88,46,153,No,No,No,No
56,Male,77,1027,278,23,466,No,No,No,No
42,Female,514,1774,174,123,227,No,No,No,Yes
72,Female,4000,258,246,26,273,No,No,No,No
52,Male,1123,230,358,51,337,No,No,No,No
40,Female,590,622,860,58,163,No,No,No,No
49,Female,486,289,472,66,354,No,No,No,No
62,Female,610,352,511,113,1000,No,No,No,Yes
44,Male,929,778,166,43,160,No,No,No,No
40,Male,233,71,197,57,766,No,No,No,No
59,Male,1463,1310,1000,69,994,No,No,No,Yes
59,Female,1063,427,222,77,156,No,Yes,No,No
45,Female,1065,276,1000,74,93,No,No,No,Yes
46,Female,852,369,329,94,381,No,No,No,No
59,Female,609,386,400,126,193,No,Yes,No,Yes
28,Female,1027,84,941,92,1000,No,No,No,Yes
29,Female,963,1535,1000,96,308,No,No,No,Yes
42,Male,452,415,366,23,157,No,No,No,No
51,Female,379,595,293,72,119,No,No,No,No
60,Male,650,941,382,97,717,No,No,No,Yes
81,Female,2071,159,524,116,189,No,No,No,Yes
70,Female,222,612,816,43,310,No,No,No,Yes
52,Female,185,314,401,44,644,No,No,No,No
54,Male,684,857,656,46,203,No,No,No,Yes
36,Male,624,58,1000,101,289,No,No,No,Yes
54,Male,689,365,542,144,296,No,No,No,Yes
49,Male,729,232,513,52,518,No,No,No,No
60,Male,501,590,118,132,481,No,No,No,No
40,Female,1975,610,48,76,251,No,No,No,No
64,Female,166,211,545,64,315,No,Yes,No,No
82,Male,309,210,370,60,222,No,No,No,No
53,Male,552,362,264,118,91,No,No,No,No
62,Male,161,178,486,87,368,No,No,No,No
67,Female,521,853,381,150,1000,No,No,No,Yes
47,Female,2266,286,986,38,147,No,No,No,Yes
59,Female,610,29,428,100,161,No,No,No,No
55,Female,721,285,220,48,149,No,No,No,No
56,Female,218,157,883,38,535,No,No,No,No
41,Female,366,92,336,69,429,No,No,No,No
55,Male,444,131,609,77,264,No,No,No,No
63,Female,465,441,273,150,143,No,No,No,No
81,Male,1672,1322,237,61,323,No,No,No,Yes
72,Female,937,530,427,31,85,No,No,No,No
93,Male,246,231,404,84,336,No,No,No,Yes
41,Female,730,602,587,16,602,No,No,No,Yes
70,Female,893,264,322,65,110,No,No,No,No
58,Female,1493,214,92,70,88,No,No,No,No
94,Female,2124,141,282,122,1000,No,Yes,No,Yes
40,Male,266,82,754,138,183,No,No,No,No
39,Male,313,281,315,49,744,No,No,No,No
44,Male,219,461,328,62,265,No,No,No,No
18,Male,497,366,880,40,263,No,No,No,No
45,Female,871,275,226,31,426,No,No,No,No
41,Male,1321,170,116,86,147,No,No,No,No
57,Female,564,691,351,28,333,No,No,No,No
61,Female,464,122,271,52,221,No,No,No,No
88,Female,677,804,184,34,104,No,Yes,No,No
72,Male,307,162,347,102,392,No,Yes,No,No
44,Female,3192,203,592,150,243,No,No,No,Yes
38,Female,165,106,397,28,264,No,No,No,No
63,Female,695,254,511,19,113,No,No,No,No
31,Female,3028,962,1000,64,1000,No,No,No,Yes
87,Female,603,636,304,70,604,No,Yes,No,Yes
76,Male,515,964,499,81,648,No,No,No,Yes
46,Female,450,639,266,51,234,No,Yes,No,No
24,Male,519,148,203,60,75,No,No,No,No
79,Male,1799,297,250,90,1000,No,No,No,Yes
52,Male,102,198,272,145,285,No,No,No,No
77,Male,2046,1324,533,17,164,No,No,No,Yes
26,Male,192,136,1000,54,418,No,No,No,Yes
44,Male,484,894,225,81,763,No,No,Yes,Yes
55,Female,425,893,286,36,294,No,Yes,No,No
55,Female,960,2075,380,150,834,No,No,Yes,Yes
46,Female,167,276,549,44,713,No,No,No,No
66,Male,868,759,493,68,126,No,No,No,No
35,Male,3030,2400,1000,103,174,No,No,No,Yes
52,Female,201,229,57,46,645,No,No,No,No
57,Male,698,100,59,19,34,No,No,No,No
64,Male,353,73,269,51,266,No,No,No,No
67,Female,843,759,962,143,95,No,No,No,Yes
34,Male,609,73,114,55,204,No,Yes,No,No
27,Female,359,286,36,38,236,No,No,No,No
77,Female,886,592,631,133,225,No,No,No,Yes
60,Male,2541,472,486,55,192,No,No,No,Yes
41,Male,515,586,167,48,124,No,No,No,No
82,Female,1067,488,181,77,1000,No,No,No,Yes
57,Female,213,1264,184,120,1000,No,No,No,Yes
76,Male,279,169,436,150,118,No,No,No,No
56,Female,875,217,242,124,1000,No,Yes,No,Yes
92,Male,1966,199,593,150,217,No,No,No,Yes
86,Female,797,844,40,49,332,No,No,No,No
50,Female,467,899,201,34,285,No,No,No,No
72,Male,599,600,162,73,176,No,No,No,No
66,Male,220,1160,325,75,659,No,No,No,Yes
79,Male,973,138,260,32,331,No,No,No,No
37,Male,1215,1793,757,61,204,No,No,No,Yes
67,Male,417,1575,90,92,105,No,No,No,No
74,Female,411,775,414,90,146,No,No,No,Yes
23,Male,742,1988,625,99,80,No,No,No,Yes
33,Female,423,90,1000,85,302,No,No,No,Yes
18,Female,569,249,272,49,115,No,No,No,No
50,Female,3218,206,518,48,242,No,No,No,Yes
67,Female,492,765,94,30,897,No,Yes,No,Yes
82,Male,450,155,59,150,783,No,No,No,Yes
56,Female,357,790,786,70,292,No,No,No,Yes
84,Female,1088,1373,398,59,279,No,No,No,Yes
30,Male,519,747,1000,36,1000,No,No,No,Yes
24,Male,356,516,133,150,455,No,No,No,No
54,Female,1726,164,606,33,230,No,No,No,No
61,Male,1867,186,1000,51,95,No,No,No,Yes
54,Male,371,1231,559,93,411,No,No,No,Yes
18,Male,134,806,499,106,582,No,No,No,Yes
53,Male,1343,386,402,136,180,No,No,No,No
31,Female,346,274,113,150,378,No,No,No,No
67,Female,1129,64,1000,99,224,No,No,No,Yes
61,Female,124,152,245,33,258,No,No,No,No
38,Male,1225,2234,598,58,40,No,No,No,Yes
45,Male,227,126,114,86,251,No,No,No,No
35,Female,1076,474,155,150,651,No,No,No,Yes
53,Male,606,990,1000,26,181,No,Yes,No,Yes
72,Male,279,129,302,150,312,No,No,No,No
37,Female,433,472,1000,79,163,No,No,No,Yes
64,Male,1038,930,375,125,400,No,No,No,Yes
45,Female,653,404,91,65,252,No,No,No,No
40,Male,957,2400,816,38,141,No,No,No,Yes
53,Male,2916,89,249,118,871,No,Yes,No,Yes
36,Male,171,1037,699,110,630,No,No,No,Yes
45,Female,2187,342,408,138,184,No,No,No,Yes
33,Female,652,801,116,69,446,No,No,No,No
90,Female,292,595,456,45,461,No,No,No,Yes
55,Female,206,206,1000,23,501,No,No,No,Yes
42,Male,515,491,593,124,77,No,No,No,No
58,Female,1254,75,382,94,671,No,No,No,Yes
52,Female,541,688,945,35,190,No,No,No,Yes
51,Female,2009,523,473,48,225,No,No,No,Yes
66,Male,187,710,472,50,1000,No,No,No,Yes
68,Female,594,1036,167,24,381,No,No,No,No
45,Male,220,556,482,39,220,No,No,No,No
44,Male,802,457,915,31,51,No,No,No,No
50,Female,1219,181,204,52,911,No,No,No,No
18,Female,428,210,1000,41,102,No,No,No,No
27,Male,74,1163,371,22,134,No,No,No,No
79,Male,703,1457,196,150,230,No,No,No,Yes
84,Female,850,322,888,150,931,No,No,No,Yes
50,Female,829,416,317,40,556,No,No,No,No
65,Female,1612,177,734,84,264,No,No,No,Yes
60,Female,254,1149,316,93,383,No,No,No,Yes
95,Female,1033,728,381,150,185,No,No,No,Yes
75,Male,1557,2295,593,39,335,No,No,No,Yes
52,Female,144,181,504,150,318,No,No,No,Yes
37,Male,774,284,81,47,651,No,No,No,No
26,Male,400,492,163,27,650,No,No,No,No
58,Female,562,715,841,116,445,No,Yes,No,Yes
41,Male,792,329,359,150,224,No,No,No,Yes
29,Female,406,182,263,150,543,No,No,No,Yes
43,Female,349,884,134,30,278,No,Yes,No,No
35,Female,616,765,168,114,126,No,No,No,No
85,Female,251,175,79,52,217,No,Yes,No,No
70,Female,251,1354,368,121,320,No,No,No,Yes
54,Female,1033,1146,247,25,621,No,Yes,No,Yes
81,Female,239,451,184,28,259,No,No,No,No
56,Male,1022,429,378,40,114,No,Yes,No,No
39,Female,868,658,535,73,313,No,No,No,No
82,Male,150,184,1000,44,328,No,No,No,Yes
64,Female,348,410,119,111,348,No,No,No,No
36,Female,1559,57,1000,143,626,No,Yes,Yes,Yes
51,Female,273,880,871,106,677,No,No,No,Yes
39,Male,413,98,214,150,186,No,No,No,No
30,Male,868,1547,470,93,183,No,No,No,Yes
71,Female,1122,297,277,29,130,No,No,No,No
89,Male,490,330,464,150,524,No,No,No,Yes
29,Male,372,227,1000,45,956,No,No,No,Yes
65,Male,1872,308,649,132,233,No,No,No,Yes
43,Female,2411,1433,600,150,247,No,No,No,Yes
46,Female,1312,42,283,96,969,No,No,No,Yes
44,Male,642,1262,122,24,449,No,Yes,No,No
39,Male,314,542,338,36,425,No,Yes,No,No
55,Male,308,134,1000,150,115,No,No,No,Yes
40,Female,911,151,117,62,516,No,No,No,No
59,Female,838,1808,171,74,142,No,No,No,Yes
54,Male,1841,170,442,119,121,No,No,No,No
50,Male,1009,141,181,113,227,No,Yes,No,No
38,Male,180,1113,212,85,187,No,No,No,No
44,Female,1391,542,285,60,251,No,No,No,No
68,Female,270,171,134,56,94,No,No,No,No
64,Male,441,486,183,127,646,No,No,Yes,Yes
37,Male,732,158,702,103,739,No,No,No,Yes
56,Male,2961,1077,140,58,63,No,No,No,No
68,Female,4000,1039,111,149,656,No,No,No,Yes
24,Male,974,645,241,63,156,No,No,No,No
64,Female,518,553,718,38,595,No,No,No,Yes
43,Female,920,1951,341,41,284,No,No,No,Yes
65,Male,1220,399,275,35,306,No,No,No,No
41,Male,464,138,414,57,258,No,No,No,No
22,Male,2522,599,98,150,791,No,Yes,No,Yes
25,Female,721,2400,594,39,111,No,No,No,Yes
55,Female,893,160,543,79,487,No,No,No,No
59,Female,1022,288,288,44,724,No,No,No,No
38,Female,840,581,894,58,532,No,No,No,Yes
66,Male,1173,381,162,24,1000,No,No,No,No
25,Female,366,165,986,59,196,No,No,No,No
53,Female,383,1097,452,61,645,No,No,No,Yes
33,Male,248,2400,305,102,275,No,No,No,Yes
43,Female,852,477,393,81,804,No,No,No,Yes
55,Female,1118,177,367,30,298,No,No,No,No
39,Female,865,99,1000,149,219,No,No,No,Yes
48,Female,2290,504,169,81,852,No,No,No,Yes
73,Female,597,1080,217,80,202,No,No,No,No
44,Female,1024,613,916,69,96,No,No,No,Yes
70,Male,250,399,248,48,198,No,No,No,No
34,Male,440,235,822,81,492,No,No,No,Yes
64,Female,1046,149,1000,97,913,No,No,No,Yes
80,Male,1183,847,290,20,327,No,No,No,No
18,Male,474,910,689,48,861,No,No,No,Yes
40,Male,566,99,158,58,101,No,No,No,No
65,Male,178,1672,731,83,210,No,No,No,Yes
51,Female,450,670,469,150,238,No,Yes,No,Yes
61,Female,1223,1409,583,40,273,No,No,No,Yes
44,Male,950,119,238,49,320,No,No,No,No
56,Male,895,117,105,48,521,No,No,No,No
52,Male,624,349,598,39,210,Yes,No,No,No
76,Female,603,628,76,54,335,No,No,No,No
59,Female,353,2014,310,120,289,No,No,No,Yes
61,Male,1049,755,849,33,143,No,No,No,Yes
47,Female,840,321,466,94,273,No,No,No,No
46,Female,889,158,1000,21,267,No,No,No,No
47,Female,393,1210,908,47,262,No,No,No,Yes
62,Female,107,167,237,55,307,No,No,No,No
47,Male,1443,1732,408,150,318,Yes,No,No,Yes
60,Female,409,309,385,57,212,No,No,No,No
92,Female,300,1674,112,14,830,No,No,No,Yes
70,Female,1044,736,188,17,117,No,No,No,No
49,Female,438,353,255,71,168,No,No,No,No
76,Female,1400,250,78,107,1000,No,Yes,No,Yes
47,Female,982,294,415,91,130,No,No,No,No
18,Male,1036,588,327,78,101,No,No,No,No
36,Female,201,428,104,150,539,No,No,No,No
21,Female,1582,234,552,47,56,No,No,No,No
48,Female,739,344,709,130,248,No,No,No,Yes
55,Male,446,429,479,22,1000,No,No,No,Yes
85,Male,672,58,308,37,87,No,No,No,No
60,Male,144,604,642,19,61,No,No,No,No
51,Female,832,165,689,57,90,No,No,No,No
69,Female,263,141,511,67,615,No,No,No,No
18,Male,203,87,206,75,737,No,No,No,No
59,Female,177,79,499,73,199,No,No,No,No
68,Female,1461,118,1000,36,518,No,No,No,Yes
28,Female,362,211,248,61,912,No,No,No,Yes
75,Female,2046,2320,1000,24,1000,No,No,No,Yes
61,Female,390,249,262,150,246,No,Yes,No,No
47,Female,153,469,410,56,47,No,No,No,No
66,Male,245,573,233,49,155,No,No,No,No
95,Female,1612,450,478,150,213,No,No,No,Yes
58,Female,529,373,99,29,243,No,No,No,No
59,Female,386,136,258,31,258,No,No,No,No
46,Female,681,1476,166,32,734,No,No,No,Yes
39,Female,896,2034,445,66,831,No,No,No,Yes
69,Male,1466,87,886,94,261,No,No,No,Yes
39,Female,1911,159,670,117,722,No,No,No,Yes
56,Male,449,310,59,150,399,No,No,No,No
46,Male,207,167,1000,14,315,No,Yes,No,Yes
63,Female,431,630,506,107,619,No,No,No,Yes
61,Female,738,207,214,47,317,No,No,No,No
73,Male,277,2400,453,46,1000,No,No,No,Yes
45,Male,278,1167,460,45,94,No,No,No,No
50,Female,789,484,234,37,198,No,Yes,No,No
37,Male,577,1008,468,150,271,No,No,No,Yes
47,Female,615,1082,246,126,426,No,No,No,Yes
61,Female,327,240,289,71,827,No,No,No,No
68,Female,499,191,231,150,294,No,No,No,No
38,Male,286,429,127,24,96,No,No,No,No
70,Male,1223,868,449,27,588,No,No,No,Yes
79,Female,1373,453,638,15,548,No,No,No,Yes
62,Female,136,96,603,42,63,No,No,No,No
88,Male,285,194,770,78,299,No,No,No,Yes
41,Female,181,374,518,75,84,No,No,No,No
32,Male,356,373,261,77,176,No,No,No,No
22,Female,561,2360,783,26,145,No,No,No,Yes
81,Male,188,114,135,122,573,No,No,No,No
66,Female,286,630,194,82,329,No,No,No,No
53,Male,268,1527,184,116,107,No,No,No,Yes
60,Male,708,2400,949,18,606,No,No,No,Yes
34,Male,634,277,850,87,95,No,No,No,No
95,Male,336,622,590,30,390,No,No,No,Yes
57,Female,691,667,942,53,156,No,No,No,No
56,Female,387,476,197,101,223,No,No,No,No
68,Male,482,365,528,74,449,No,No,No,Yes
63,Male,2288,592,361,38,455,No,No,No,No
59,Female,1753,40,787,70,874,No,No,No,Yes
40,Female,212,739,364,23,280,No,No,No,No
63,Female,1165,448,293,150,383,No,Yes,No,Yes
88,Male,1148,327,616,60,211,No,No,No,Yes
79,Male,239,2400,806,150,347,No,No,No,Yes
83,Female,1155,217,234,48,426,No,Yes,No,No
45,Male,2053,278,380,48,277,No,No,No,No
37,Female,244,2400,171,40,70,No,No,No,Yes
52,Male,287,189,54,129,391,No,Yes,No,No
56,Female,1354,243,469,42,401,No,No,No,No
74,Male,745,350,651,109,174,No,No,No,Yes
24,Female,932,852,493,53,107,No,No,No,No
82,Female,787,482,84,17,976,No,Yes,No,Yes
52,Female,820,124,302,46,444,No,No,No,No
47,Male,207,247,67,30,249,No,No,No,No
36,Female,1386,231,1000,71,120,No,No,No,Yes
25,Female,1529,373,167,30,155,No,No,No,No
69,Female,499,586,1000,133,850,No,No,No,Yes
56,Female,579,582,852,65,334,No,Yes,No,Yes
31,Female,176,80,194,61,193,No,No,No,No
31,Female,905,1042,161,110,451,No,No,No,Yes
48,Male,948,502,529,137,156,No,No,No,Yes
85,Female,570,1390,203,69,996,No,No,No,Yes
50,Female,1474,596,434,40,885,No,No,No,Yes
27,Male,459,1077,271,20,206,No,No,No,No
50,Male,942,608,96,43,181,No,No,No,No
50,Male,265,1343,67,45,36,No,Yes,No,No
18,Female,588,640,479,75,91,No,No,No,No
54,Female,521,366,255,54,102,No,No,No,No
50,Female,718,2400,256,113,334,No,No,No,Yes
67,Female,446,890,697,45,231,No,No,No,No
88,Male,540,670,1000,67,102,No,No,No,Yes
75,Male,1161,126,321,150,239,No,No,No,Yes
50,Male,423,125,304,88,449,No,No,No,No
35,Male,165,520,596,67,457,No,No,No,No
95,Male,2432,455,135,45,65,No,No,No,No
56,Male,1811,230,478,44,270,No,No,Yes,No
55,Female,213,454,622,38,99,No,No,No,No
54,Female,1041,1671,689,47,617,No,No,No,Yes
58,Female,401,747,84,118,561,No,No,No,No
52,Female,740,143,217,59,146,No,Yes,No,No
44,Female,759,361,198,27,162,No,No,No,No
45,Male,497,193,433,150,207,No,No,No,No
54,Female,320,282,587,87,49,No,No,No,No
45,Female,345,275,1000,26,392,No,Yes,No,Yes
42,Male,288,260,269,51,241,No,No,No,No
56,Male,308,129,268,75,651,No,No,No,No
50,Female,568,356,1000,150,124,No,No,No,Yes
82,Male,338,241,507,32,182,No,No,Yes,No
18,Female,1035,28,1000,138,89,No,No,No,Yes
74,Female,1971,2400,503,150,134,No,No,No,Yes
77,Male,377,1065,158,45,116,No,Yes,No,No
18,Male,726,285,137,57,665,No,No,No,No
48,Male,894,406,115,33,171,No,No,No,No
48,Male,875,139,679,60,331,No,No,No,No
29,Male,637,1840,1000,68,221,No,No,No,Yes
40,Female,1086,2206,1000,111,108,No,No,No,Yes
35,Male,882,460,785,150,262,No,No,No,Yes
86,Female,222,1004,1000,41,484,No,No,No,Yes
71,Male,1202,468,251,17,114,No,No,No,No
77,Female,1220,120,158,68,573,No,No,No,No
67,Male,325,276,789,85,152,No,No,No,No
34,Male,618,450,558,83,203,No,No,No,No
45,Female,1036,265,435,55,458,No,No,No,No
63,Female,507,328,545,76,176,No,No,No,No
33,Male,1415,368,518,150,309,No,No,No,Yes
67,Female,3975,371,1000,91,233,No,Yes,No,Yes
50,Female,319,419,1000,53,332,No,No,No,Yes
48,Female,198,153,618,49,44,No,No,No,No
67,Male,765,209,786,62,69,No,No,No,No
62,Male,1068,125,603,150,491,No,No,No,Yes
48,Female,498,964,276,61,687,No,No,No,Yes
75,Female,1918,60,732,69,144,No,No,No,Yes
35,Male,205,1129,131,49,246,No,No,No,No
66,Female,1044,1392,929,150,379,No,No,No,Yes
65,Female,369,304,153,150,522,No,No,No,Yes
49,Male,2374,38,502,95,59,No,Yes,No,No
60,Female,2954,288,203,74,147,No,No,No,No
32,Male,324,377,622,71,229,No,No,No,No
71,Female,386,161,389,13,526,No,No,No,No
51,Female,1193,251,111,117,1000,No,No,No,Yes
45,Female,440,1585,560,76,249,No,No,No,Yes
73,Male,578,727,251,94,97,No,No,Yes,Yes
42,Male,612,174,809,42,413,No,No,No,No
29,Male,129,94,400,53,863,No,No,No,No
26,Male,593,298,548,52,327,No,Yes,No,No
65,Male,345,330,185,143,145,No,No,No,No
31,Female,404,625,249,53,645,No,No,No,No
86,Male,1904,247,277,150,510,No,No,No,Yes
18,Male,219,633,793,94,132,No,No,No,Yes
85,Female,1149,2282,1000,28,407,No,No,No,Yes
58,Male,479,833,210,63,666,No,No,No,Yes
53,Female,479,383,946,44,772,No,No,No,Yes
45,Male,1129,339,70,15,284,No,No,No,No
62,Female,787,290,153,150,225,No,No,No,No
54,Male,947,1157,185,114,800,No,No,No,Yes
74,Male,1301,227,135,101,113,No,No,No,No
57,Female,460,416,112,78,426,No,No,No,No
57,Male,367,418,556,26,100,No,No,No,No
48,Female,251,254,337,49,703,No,No,No,No
53,Male,310,116,541,126,244,No,No,No,Yes
60,Male,4000,534,694,33,827,No,No,No,Yes
24,Female,1624,378,494,11,444,No,No,No,No
30,Male,203,627,677,59,112,No,No,No,No
68,Female,208,247,378,63,937,No,No,Yes,Yes
58,Female,882,1200,154,76,1000,No,No,No,Yes
51,Female,929,181,932,116,607,No,No,No,Yes
55,Female,930,1867,249,109,163,No,No,No,Yes
61,Male,489,82,189,83,234,No,Yes,No,No
45,Male,542,591,346,150,337,No,No,No,Yes
40,Male,779,613,192,24,170,No,No,No,No
58,Female,642,195,286,99,1000,No,Yes,No,Yes
37,Female,101,586,526,108,336,No,No,No,Yes
62,Male,499,1265,528,29,34,No,No,No,No
24,Female,303,54,195,24,393,No,No,No,No
73,Male,690,628,270,41,227,No,No,No,No
63,Female,4000,42,944,44,282,No,No,No,Yes
59,Female,805,167,595,118,223,No,Yes,No,Yes
72,Female,466,1733,1000,45,572,No,No,No,Yes
84,Female,1254,236,1000,38,734,No,No,No,Yes
73,Male,882,139,999,45,376,No,No,No,Yes
21,Male,839,334,131,150,228,No,No,No,No
31,Male,974,2400,736,70,290,No,No,No,Yes
43,Male,3109,76,383,61,304,No,No,No,No
55,Male,242,155,257,64,157,No,No,No,No
64,Female,876,1539,457,150,476,No,No,No,Yes
41,Female,285,2128,852,41,433,No,No,No,Yes
58,Female,935,364,597,150,1000,No,No,No,Yes
41,Male,287,131,198,81,818,No,No,No,No
43,Female,429,2400,724,62,173,No,No,No,Yes
29,Female,473,1679,240,150,578,No,No,No,Yes
38,Male,1309,736,475,33,140,No,No,No,No
30,Female,1250,192,313,54,523,No,No,No,No
37,Female,221,382,335,29,198,No,No,No,No
73,Male,626,346,738,136,132,No,No,No,Yes
37,Female,340,538,174,150,375,No,No,No,No
95,Female,219,1476,1000,150,35,No,No,No,Yes
63,Male,504,882,93,150,73,No,No,No,No
58,Female,468,151,247,60,260,No,No,No,No
39,Female,4000,1380,537,54,320,No,No,No,Yes
67,Female,848,530,638,21,223,No,No,No,No
44,Female,199,742,369,150,84,No,No,No,Yes
57,Male,381,1497,382,97,155,No,No,No,Yes
95,Female,1358,147,555,49,410,No,No,Yes,Yes
53,Female,3189,387,332,150,477,No,No,No,Yes
75,Male,168,247,1000,35,296,No,No,No,Yes
42,Female,133,97,782,93,756,No,No,No,Yes
54,Female,2680,546,804,62,412,No,Yes,No,Yes
86,Female,819,2400,184,109,164,Yes,No,No,Yes
43,Male,299,76,375,66,239,Yes,No,No,No
87,Female,920,388,314,25,97,No,No,No,No
67,Male,72,711,178,73,275,No,No,No,No
44,Male,601,446,533,145,730,No,No,No,Yes
66,Male,779,361,260,68,519,No,No,No,No
72,Male,1256,124,675,120,920,No,No,No,Yes
66,Female,266,493,169,33,235,No,No,No,No
26,Female,642,202,1000,68,880,No,No,No,Yes
41,Male,286,55,195,45,257,No,No,No,No
50,Female,736,1172,476,118,973,No,No,No,Yes
53,Female,293,947,753,71,294,No,No,No,Yes
66,Female,432,419,253,113,528,No,No,No,No
58,Male,270,491,791,149,976,No,No,No,Yes
30,Female,1010,1051,149,113,256,No,No,No,Yes
61,Female,1192,489,1000,84,357,No,No,No,Yes
65,Female,497,902,404,34,841,No,No,No,Yes
65,Male,618,306,248,69,269,No,No,No,No
74,Male,188,1302,314,48,104,No,No,No,No
70,Female,472,533,764,55,1000,No,No,No,Yes
63,Female,576,476,250,53,206,No,No,No,No
53,Female,4000,127,219,35,340,No,No,No,No
25,Female,246,517,335,17,756,No,Yes,No,No
62,Male,1935,189,156,43,184,No,No,No,No
58,Female,1331,225,1000,80,133,No,No,No,Yes
59,Female,751,192,254,27,367,No,No,No,No
32,Male,2449,153,778,70,71,No,No,No,Yes
35,Female,808,2400,472,150,238,No,No,No,Yes
73,Female,819,1325,181,143,364,No,No,No,Yes
54,Male,575,2252,398,150,241,No,No,No,Yes
67,Female,1596,133,748,92,87,No,No,No,No
55,Male,1442,426,344,150,1000,No,No,No,Yes
55,Female,363,124,1000,42,325,No,No,No,No
71,Female,208,213,905,44,942,No,No,Yes,Yes
45,Female,510,175,834,10,243,No,No,No,No
56,Female,316,1220,276,150,148,No,No,No,Yes
46,Male,570,280,168,150,372,No,Yes,No,No
47,Female,1614,1046,244,47,252,No,No,No,Yes
49,Female,416,688,467,58,116,No,No,No,No
58,Male,579,2400,618,41,972,No,No,No,Yes
46,Female,628,105,70,91,182,No,No,No,No
77,Female,1182,1242,397,150,68,No,No,No,Yes
38,Male,99,1122,453,20,868,No,No,No,Yes
51,Female,369,166,320,93,200,Yes,No,No,No
47,Female,710,990,1000,57,184,No,No,No,Yes
81,Male,1567,541,560,75,73,No,No,No,Yes
58,Female,404,325,1000,96,1000,No,No,No,Yes
73,Male,133,190,336,61,106,No,No,No,No
28,Male,985,209,846,65,314,No,No,No,No
59,Male,360,2400,1000,60,622,No,No,No,Yes
71,Female,231,400,1000,138,420,No,No,No,Yes
56,Female,364,808,166,93,286,No,No,No,No
74,Male,517,196,326,81,76,No,No,No,No
45,Male,369,198,303,28,156,No,No,Yes,No
80,Female,102,1059,591,53,348,No,No,No,Yes
95,Male,1229,118,692,131,159,No,No,No,Yes
48,Female,1663,275,204,71,353,No,No,No,No
46,Female,1010,412,422,111,517,No,No,No,Yes
81,Female,241,442,79,150,647,No,No,No,Yes
83,Female,510,340,1000,144,112,No,No,No,Yes
45,Male,596,571,265,74,1000,No,No,No,Yes
47,Female,968,746,418,48,554,No,No,No,Yes
49,Female,1024,774,312,11,299,No,No,No,No
30,Female,333,164,1000,62,717,No,Yes,No,Yes
38,Male,640,309,41,55,1000,No,No,No,No
36,Female,865,1172,394,91,94,No,No,No,Yes
41,Male,1922,894,367,62,250,No,No,No,Yes
54,Male,1054,116,278,55,44,No,No,No,No
59,Male,1127,548,1000,20,349,No,No,No,Yes
82,Female,641,67,196,36,401,No,No,No,No
37,Female,1854,417,741,97,290,No,No,No,Yes
72,Female,832,2207,531,150,177,No,No,No,Yes
51,Female,301,170,1000,65,58,No,No,No,No
54,Male,1843,188,234,88,404,No,No,No,No
67,Female,1048,795,222,136,961,No,No,No,Yes
34,Male,420,99,961,39,186,No,No,No,No
61,Female,408,226,562,90,426,No,No,No,No
57,Female,760,684,116,41,85,No,No,No,No
63,Female,869,226,259,128,432,No,No,No,No
60,Female,702,323,544,77,219,No,No,No,No
95,Male,769,781,781,86,163,No,No,No,Yes
43,Female,2337,584,232,40,163,No,No,No,No
45,Female,1413,508,38,114,218,No,Yes,No,Yes
43,Female,698,294,607,150,407,No,No,No,Yes
45,Male,1274,558,150,34,105,No,No,No,No
43,Female,262,357,79,55,218,No,No,No,No
76,Female,824,603,41,82,290,No,No,No,No
80,Male,2551,255,767,121,124,No,No,No,Yes
44,Male,503,339,443,47,1000,No,No,No,Yes
40,Female,304,164,333,9,151,No,Yes,No,No
63,Female,356,387,1000,150,175,No,No,No,Yes
45,Male,250,192,666,119,137,Yes,Yes,No,Yes
66,Male,320,146,1000,20,1000,No,No,No,Yes
58,Male,446,504,131,45,466,No,No,No,No
27,Male,194,484,389,150,141,No,No,No,No
82,Female,607,809,109,150,726,No,No,No,Yes
87,Female,1234,271,332,135,352,No,Yes,No,Yes
43,Female,290,577,327,61,368,No,No,No,No
48,Female,2023,656,660,74,227,No,No,No,Yes
60,Male,902,596,414,63,164,No,No,No,No
61,Female,1368,190,658,150,393,No,No,No,Yes
66,Female,354,457,702,37,193,No,No,No,No
91,Female,1188,555,1000,39,1000,No,No,No,Yes
51,Female,250,402,310,141,108,No,No,No,No
40,Male,1223,61,188,67,1000,No,Yes,No,Yes
30,Female,688,462,487,150,274,No,Yes,No,Yes
41,Male,934,2400,210,43,381,No,Yes,No,Yes
54,Female,234,289,1000,67,584,No,No,No,Yes
87,Male,293,207,318,36,181,No,No,No,No
45,Male,967,559,254,70,598,No,No,No,No
59,Female,280,529,274,24,34,No,No,No,No
54,Male,869,1170,710,49,168,No,No,No,Yes
76,Female,200,128,352,25,143,No,No,No,No
95,Male,1182,772,239,113,110,No,No,No,Yes
45,Female,223,680,1000,115,252,No,No,No,Yes
46,Female,933,351,201,20,408,No,No,No,No
73,Female,989,542,411,150,526,No,No,No,Yes
67,Male,343,1010,674,150,363,No,No,No,Yes
88,Male,955,877,108,72,176,No,No,No,No
65,Male,738,142,587,44,403,No,No,No,No
48,Male,389,836,171,150,331,No,No,No,No
65,Female,267,377,772,27,634,No,No,No,Yes
74,Female,124,427,185,70,558,No,No,No,No
69,Female,793,427,696,79,307,No,No,No,Yes
64,Female,171,349,968,150,146,No,No,No,Yes
74,Female,647,1169,796,90,177,No,No,No,Yes
76,Female,485,370,489,49,193,No,No,Yes,Yes
79,Male,1033,146,332,35,233,No,No,No,No
66,Female,471,280,252,55,371,No,No,No,No
51,Female,460,469,1000,34,531,No,No,No,Yes
57,Female,1077,1209,228,72,287,No,No,No,No
76,Male,784,688,174,47,303,No,No,No,No
40,Male,772,186,681,24,336,No,Yes,No,Yes
61,Female,873,2400,211,150,198,No,No,No,Yes
47,Female,175,507,187,49,143,No,Yes,No,No
55,Female,1099,1260,126,28,73,No,No,No,No
78,Male,979,348,271,62,172,No,No,No,No
58,Female,266,646,374,73,438,No,No,No,No
55,Male,493,851,485,20,170,No,Yes,No,No
30,Male,581,1197,856,88,248,No,No,No,Yes
68,Male,538,1035,609,33,435,No,No,No,Yes
66,Female,783,876,343,150,455,No,No,No,Yes
93,Female,1885,301,341,101,126,No,Yes,No,Yes
49,Male,1425,239,601,52,666,No,No,No,Yes
58,Female,210,539,1000,41,739,No,No,No,Yes
59,Male,986,926,442,65,121,No,No,No,No
83,Female,1737,327,274,107,155,No,No,No,No
53,Female,817,1043,180,68,777,No,No,No,Yes
60,Female,1436,1478,125,60,266,No,No,No,Yes
65,Male,3001,175,681,72,50,No,No,No,Yes
58,Female,1360,188,635,45,97,No,No,No,No
46,Female,732,352,634,55,245,No,No,No,No
58,Male,1384,527,360,16,118,No,No,No,No
74,Female,673,249,1000,138,215,No,No,No,Yes
36,Male,611,1350,271,86,307,No,No,No,Yes
57,Female,452,585,858,40,966,No,No,No,Yes
42,Male,2095,414,387,150,237,No,No,No,Yes
76,Female,311,109,245,74,707,No,No,No,No
27,Female,2044,122,642,33,940,No,No,No,Yes
44,Male,894,515,555,127,945,No,No,No,Yes
61,Male,195,58,532,92,376,No,No,No,No
83,Male,805,995,426,92,62,No,No,No,Yes
53,Female,111,346,388,51,433,No,No,No,No
45,Male,989,2400,1000,95,694,No,No,No,Yes
88,Female,1218,2400,1000,58,281,No,No,No,Yes
28,Male,373,339,713,103,1000,No,No,No,Yes
18,Male,662,363,437,18,596,No,No,No,No
62,Female,2864,979,895,51,472,No,Yes,No,Yes
45,Male,400,1852,605,150,715,No,No,No,Yes
36,Female,257,91,408,40,391,No,Yes,No,No
67,Female,1963,80,313,45,40,No,No,No,No
59,Female,2884,228,374,51,201,No,No,Yes,Yes
44,Female,601,675,31,29,781,No,No,No,No
31,Female,1347,625,473,14,157,No,No,No,No
70,Male,1754,1047,270,59,250,No,No,No,No
66,Male,331,135,1000,76,130,No,No,No,No
53,Male,406,49,406,67,1000,No,No,No,Yes
88,Female,1606,865,154,63,1000,No,No,No,Yes
35,Male,2309,189,384,72,147,No,No,No,No
27,Female,941,65,173,143,337,No,No,No,No
42,Female,296,455,584,61,174,No,No,No,No
54,Female,2941,816,504,46,490,No,No,No,Yes
59,Female,392,358,860,57,451,No,No,No,Yes
50,Male,458,264,212,105,574,No,No,No,No
61,Female,789,346,411,150,391,No,No,No,Yes
32,Female,2080,286,134,45,1000,No,No,No,Yes
80,Male,1188,118,701,75,131,No,No,No,No
53,Male,836,210,605,88,76,No,No,No,No
75,Female,869,639,594,34,219,No,No,No,Yes
61,Female,621,534,400,71,85,No,No,No,No
63,Female,937,465,557,25,90,No,No,No,No
65,Female,79,163,1000,20,134,No,Yes,No,No
63,Female,473,339,318,90,143,No,No,No,No
66,Female,727,56,446,53,139,No,No,No,No
78,Male,238,469,167,80,454,No,No,No,No
58,Male,817,1447,199,69,200,No,No,No,No
67,Male,509,106,432,35,259,No,No,No,No
53,Female,2443,236,967,67,613,No,No,No,Yes
80,Female,2111,537,325,29,162,No,No,No,No
42,Female,413,1235,331,150,242,No,No,No,Yes
87,Male,531,267,288,27,401,No,No,No,No
54,Female,565,214,260,61,63,No,No,No,No
29,Female,418,67,506,33,44,No,No,No,No
57,Female,701,439,120,104,395,No,Yes,No,No
42,Female,327,2400,1000,55,444,No,No,No,Yes
70,Male,242,513,234,48,1000,No,No,No,Yes
43,Female,987,392,712,127,340,No,No,No,Yes
46,Male,992,534,144,71,578,No,No,No,No
20,Male,315,396,683,100,256,No,No,No,Yes
46,Female,1228,192,684,35,380,No,No,No,Yes
18,Female,362,839,543,26,1000,No,No,No,Yes
26,Female,734,490,180,75,54,No,No,No,No
68,Female,1156,406,488,55,417,No,No,No,No
69,Female,584,166,155,108,1000,No,No,No,Yes
62,Female,863,1292,326,66,375,No,No,No,Yes
37,Female,396,727,911,80,1000,No,No,No,Yes
54,Male,512,243,756,22,181,No,No,No,No
54,Male,508,985,404,150,292,No,No,No,Yes
34,Male,330,255,183,62,308,No,No,No,No
82,Female,520,197,670,114,50,No,No,Yes,Yes
70,Male,173,201,406,38,117,No,No,No,No
51,Male,405,81,62,86,124,No,No,No,No
55,Male,477,611,748,28,579,No,No,No,Yes
58,Female,488,76,392,96,602,No,No,No,No
18,Male,494,132,1000,54,388,No,No,No,Yes
50,Female,571,61,166,71,580,No,No,No,No
42,Male,880,370,31,114,263,No,No,No,No
36,Female,1207,349,500,29,784,No,No,No,Yes
49,Male,356,298,505,43,302,No,No,No,No
87,Male,229,156,103,96,314,No,No,No,No
66,Female,260,139,182,150,242,No,No,No,No
44,Male,406,607,1000,63,518,No,No,No,Yes
65,Male,452,243,313,105,214,No,No,No,No
